rank,uid,title,year,venue,url,problem_claimed,actual_mechanism,hidden_assumptions,variables_treated_as_fixed,failure_modes_ignored,what_it_makes_less_novel,what_it_leaves_open
1,arxiv:2512.00022v1,XFlowMP: Task-Conditioned Motion Fields for Generative Robot Planning with Schrodinger Bridges,2025,arXiv,http://arxiv.org/abs/2512.00022v1,Addresses task and motion planning or a neighboring robotics mechanism.,"Prior work usually predicts, ranks, filters, or imitates observed behavior rather than preserving unrealized branches.",The observed outcome is enough to supervise the model.,"Contact mode support, embodiment limits, and deployment perturbations.","Branch collapse, hidden-mode shift, and tail-risk planning failures.",Generic world models and generic uncertainty are crowded.,Planner recoverability scores keeps action-critical alternatives explicit until a physical observation collapses them.
2,doi:10.1177/0278364918761570,An incremental constraint-based framework for task and motion planning,2018,The International Journal of Robotics Research,https://doi.org/10.1177/0278364918761570,Addresses task and motion planning or a neighboring robotics mechanism.,"Prior work usually predicts, ranks, filters, or imitates observed behavior rather than preserving unrealized branches.",The observed outcome is enough to supervise the model.,"Contact mode support, embodiment limits, and deployment perturbations.","Branch collapse, hidden-mode shift, and tail-risk planning failures.",Generic world models and generic uncertainty are crowded.,Planner recoverability scores keeps action-critical alternatives explicit until a physical observation collapses them.
3,doi:10.1609/icaps.v34i1.31468,Combined Task and Motion Planning via Sketch Decompositions,2024,Proceedings of the International Conference on Automated Planning and Scheduling,https://doi.org/10.1609/icaps.v34i1.31468,Addresses task and motion planning or a neighboring robotics mechanism.,"Prior work usually predicts, ranks, filters, or imitates observed behavior rather than preserving unrealized branches.",The observed outcome is enough to supervise the model.,"Contact mode support, embodiment limits, and deployment perturbations.","Branch collapse, hidden-mode shift, and tail-risk planning failures.",Generic world models and generic uncertainty are crowded.,Planner recoverability scores keeps action-critical alternatives explicit until a physical observation collapses them.
4,doi:10.1177/02783649211038280,"Representation, learning, and planning algorithms for geometric task and motion planning",2022,The International Journal of Robotics Research,https://doi.org/10.1177/02783649211038280,Addresses task and motion planning or a neighboring robotics mechanism.,"Prior work usually predicts, ranks, filters, or imitates observed behavior rather than preserving unrealized branches.",The observed outcome is enough to supervise the model.,"Contact mode support, embodiment limits, and deployment perturbations.","Branch collapse, hidden-mode shift, and tail-risk planning failures.",Generic world models and generic uncertainty are crowded.,Planner recoverability scores keeps action-critical alternatives explicit until a physical observation collapses them.
5,arxiv:2001.08398v1,Socially intelligent task and motion planning for human-robot interaction,2020,arXiv,http://arxiv.org/abs/2001.08398v1,Addresses task and motion planning or a neighboring robotics mechanism.,"Prior work usually predicts, ranks, filters, or imitates observed behavior rather than preserving unrealized branches.",The observed outcome is enough to supervise the model.,"Contact mode support, embodiment limits, and deployment perturbations.","Branch collapse, hidden-mode shift, and tail-risk planning failures.",Generic world models and generic uncertainty are crowded.,Planner recoverability scores keeps action-critical alternatives explicit until a physical observation collapses them.
6,arxiv:1811.08955v1,Integrating Task-Motion Planning with Reinforcement Learning for Robust Decision Making in Mobile Robots,2018,arXiv,http://arxiv.org/abs/1811.08955v1,Addresses task and motion planning or a neighboring robotics mechanism.,"Prior work usually predicts, ranks, filters, or imitates observed behavior rather than preserving unrealized branches.",The observed outcome is enough to supervise the model.,"Contact mode support, embodiment limits, and deployment perturbations.","Branch collapse, hidden-mode shift, and tail-risk planning failures.",Generic world models and generic uncertainty are crowded.,Planner recoverability scores keeps action-critical alternatives explicit until a physical observation collapses them.
7,doi:10.3390/app10051665,Contingent Task and Motion Planning under Uncertainty for Human–Robot Interactions,2020,Applied Sciences,https://doi.org/10.3390/app10051665,Addresses task and motion planning or a neighboring robotics mechanism.,"Prior work usually predicts, ranks, filters, or imitates observed behavior rather than preserving unrealized branches.",The observed outcome is enough to supervise the model.,"Contact mode support, embodiment limits, and deployment perturbations.","Branch collapse, hidden-mode shift, and tail-risk planning failures.",Generic world models and generic uncertainty are crowded.,Planner recoverability scores keeps action-critical alternatives explicit until a physical observation collapses them.
8,doi:10.54254/2755-2721/2025.ast27134,Integrating Motion Planning in Vision Language Action Agents,2025,Applied and Computational Engineering,https://doi.org/10.54254/2755-2721/2025.ast27134,Addresses task and motion planning or a neighboring robotics mechanism.,"Prior work usually predicts, ranks, filters, or imitates observed behavior rather than preserving unrealized branches.",The observed outcome is enough to supervise the model.,"Contact mode support, embodiment limits, and deployment perturbations.","Branch collapse, hidden-mode shift, and tail-risk planning failures.",Generic world models and generic uncertainty are crowded.,Planner recoverability scores keeps action-critical alternatives explicit until a physical observation collapses them.
9,arxiv:2510.26139v2,Kinodynamic Task and Motion Planning using VLM-guided and Interleaved Sampling,2025,arXiv,http://arxiv.org/abs/2510.26139v2,Addresses task and motion planning or a neighboring robotics mechanism.,"Prior work usually predicts, ranks, filters, or imitates observed behavior rather than preserving unrealized branches.",The observed outcome is enough to supervise the model.,"Contact mode support, embodiment limits, and deployment perturbations.","Branch collapse, hidden-mode shift, and tail-risk planning failures.",Generic world models and generic uncertainty are crowded.,Planner recoverability scores keeps action-critical alternatives explicit until a physical observation collapses them.
10,doi:10.1609/aaai.v39i25.34874,Temporal Task and Motion Planning with Metric Time for Multiple Object Navigation,2025,Proceedings of the AAAI Conference on Artificial Intelligence,https://doi.org/10.1609/aaai.v39i25.34874,Addresses task and motion planning or a neighboring robotics mechanism.,"Prior work usually predicts, ranks, filters, or imitates observed behavior rather than preserving unrealized branches.",The observed outcome is enough to supervise the model.,"Contact mode support, embodiment limits, and deployment perturbations.","Branch collapse, hidden-mode shift, and tail-risk planning failures.",Generic world models and generic uncertainty are crowded.,Planner recoverability scores keeps action-critical alternatives explicit until a physical observation collapses them.
11,doi:10.36227/techrxiv.176153407.77398309/v1,From Classical Planning to Learning-Based Task and Motion Planning: A Survey of Intelligent Planning Systems,,,https://doi.org/10.36227/techrxiv.176153407.77398309/v1,Addresses task and motion planning or a neighboring robotics mechanism.,"Prior work usually predicts, ranks, filters, or imitates observed behavior rather than preserving unrealized branches.",The observed outcome is enough to supervise the model.,"Contact mode support, embodiment limits, and deployment perturbations.","Branch collapse, hidden-mode shift, and tail-risk planning failures.",Generic world models and generic uncertainty are crowded.,Planner recoverability scores keeps action-critical alternatives explicit until a physical observation collapses them.
12,arxiv:2605.19209v1,Graph Neural Planning and Predictive Control for Multi-Robot Communication-Constrained Unlabeled Motion Planning,2026,arXiv,http://arxiv.org/abs/2605.19209v1,Addresses task and motion planning or a neighboring robotics mechanism.,"Prior work usually predicts, ranks, filters, or imitates observed behavior rather than preserving unrealized branches.",The observed outcome is enough to supervise the model.,"Contact mode support, embodiment limits, and deployment perturbations.","Branch collapse, hidden-mode shift, and tail-risk planning failures.",Generic world models and generic uncertainty are crowded.,Planner recoverability scores keeps action-critical alternatives explicit until a physical observation collapses them.
13,arxiv:2103.05456v3,Extended Tree Search for Robot Task and Motion Planning,2021,arXiv,http://arxiv.org/abs/2103.05456v3,Addresses task and motion planning or a neighboring robotics mechanism.,"Prior work usually predicts, ranks, filters, or imitates observed behavior rather than preserving unrealized branches.",The observed outcome is enough to supervise the model.,"Contact mode support, embodiment limits, and deployment perturbations.","Branch collapse, hidden-mode shift, and tail-risk planning failures.",Generic world models and generic uncertainty are crowded.,Planner recoverability scores keeps action-critical alternatives explicit until a physical observation collapses them.
14,doi:10.1609/aaai.v36i5.20475,Discovering State and Action Abstractions for Generalized Task and Motion Planning,2022,Proceedings of the AAAI Conference on Artificial Intelligence,https://doi.org/10.1609/aaai.v36i5.20475,Addresses task and motion planning or a neighboring robotics mechanism.,"Prior work usually predicts, ranks, filters, or imitates observed behavior rather than preserving unrealized branches.",The observed outcome is enough to supervise the model.,"Contact mode support, embodiment limits, and deployment perturbations.","Branch collapse, hidden-mode shift, and tail-risk planning failures.",Generic world models and generic uncertainty are crowded.,Planner recoverability scores keeps action-critical alternatives explicit until a physical observation collapses them.
15,doi:10.1145/3583136,Recent Trends in Task and Motion Planning for Robotics: A Survey,2023,ACM Computing Surveys,https://doi.org/10.1145/3583136,Addresses task and motion planning or a neighboring robotics mechanism.,"Prior work usually predicts, ranks, filters, or imitates observed behavior rather than preserving unrealized branches.",The observed outcome is enough to supervise the model.,"Contact mode support, embodiment limits, and deployment perturbations.","Branch collapse, hidden-mode shift, and tail-risk planning failures.",Generic world models and generic uncertainty are crowded.,Planner recoverability scores keeps action-critical alternatives explicit until a physical observation collapses them.
16,doi:10.1177/0278364919848837,Learning to guide task and motion planning using score-space representation,2019,The International Journal of Robotics Research,https://doi.org/10.1177/0278364919848837,Addresses task and motion planning or a neighboring robotics mechanism.,"Prior work usually predicts, ranks, filters, or imitates observed behavior rather than preserving unrealized branches.",The observed outcome is enough to supervise the model.,"Contact mode support, embodiment limits, and deployment perturbations.","Branch collapse, hidden-mode shift, and tail-risk planning failures.",Generic world models and generic uncertainty are crowded.,Planner recoverability scores keeps action-critical alternatives explicit until a physical observation collapses them.
17,doi:10.1177/02783649231186165,Robust feedback motion planning via contraction theory,2023,The International Journal of Robotics Research,https://doi.org/10.1177/02783649231186165,Addresses task and motion planning or a neighboring robotics mechanism.,"Prior work usually predicts, ranks, filters, or imitates observed behavior rather than preserving unrealized branches.",The observed outcome is enough to supervise the model.,"Contact mode support, embodiment limits, and deployment perturbations.","Branch collapse, hidden-mode shift, and tail-risk planning failures.",Generic world models and generic uncertainty are crowded.,Planner recoverability scores keeps action-critical alternatives explicit until a physical observation collapses them.
18,arxiv:2310.01775v4,STAMP: Differentiable Task and Motion Planning via Stein Variational Gradient Descent,2023,arXiv,http://arxiv.org/abs/2310.01775v4,Addresses task and motion planning or a neighboring robotics mechanism.,"Prior work usually predicts, ranks, filters, or imitates observed behavior rather than preserving unrealized branches.",The observed outcome is enough to supervise the model.,"Contact mode support, embodiment limits, and deployment perturbations.","Branch collapse, hidden-mode shift, and tail-risk planning failures.",Generic world models and generic uncertainty are crowded.,Planner recoverability scores keeps action-critical alternatives explicit until a physical observation collapses them.
19,arxiv:2202.01385v1,Technical Report: A Hierarchical Deliberative-Reactive System Architecture for Task and Motion Planning in Partially Known Environments,2022,arXiv,http://arxiv.org/abs/2202.01385v1,Addresses task and motion planning or a neighboring robotics mechanism.,"Prior work usually predicts, ranks, filters, or imitates observed behavior rather than preserving unrealized branches.",The observed outcome is enough to supervise the model.,"Contact mode support, embodiment limits, and deployment perturbations.","Branch collapse, hidden-mode shift, and tail-risk planning failures.",Generic world models and generic uncertainty are crowded.,Planner recoverability scores keeps action-critical alternatives explicit until a physical observation collapses them.
20,arxiv:2202.06674v2,Learning to Ground Objects for Robot Task and Motion Planning,2022,arXiv,http://arxiv.org/abs/2202.06674v2,Addresses task and motion planning or a neighboring robotics mechanism.,"Prior work usually predicts, ranks, filters, or imitates observed behavior rather than preserving unrealized branches.",The observed outcome is enough to supervise the model.,"Contact mode support, embodiment limits, and deployment perturbations.","Branch collapse, hidden-mode shift, and tail-risk planning failures.",Generic world models and generic uncertainty are crowded.,Planner recoverability scores keeps action-critical alternatives explicit until a physical observation collapses them.
21,doi:10.15607/rss.2023.xix.061,Sequence-Based Plan Feasibility Prediction for Efficient Task and Motion Planning,2023,Robotics: Science and Systems XIX,https://doi.org/10.15607/rss.2023.xix.061,Addresses task and motion planning or a neighboring robotics mechanism.,"Prior work usually predicts, ranks, filters, or imitates observed behavior rather than preserving unrealized branches.",The observed outcome is enough to supervise the model.,"Contact mode support, embodiment limits, and deployment perturbations.","Branch collapse, hidden-mode shift, and tail-risk planning failures.",Generic world models and generic uncertainty are crowded.,Planner recoverability scores keeps action-critical alternatives explicit until a physical observation collapses them.
22,doi:10.1177/0278364904050079,Task Planning With Active Sensing For Autonomous Compliant Motion,2005,The International Journal of Robotics Research,https://doi.org/10.1177/0278364904050079,Addresses task and motion planning or a neighboring robotics mechanism.,"Prior work usually predicts, ranks, filters, or imitates observed behavior rather than preserving unrealized branches.",The observed outcome is enough to supervise the model.,"Contact mode support, embodiment limits, and deployment perturbations.","Branch collapse, hidden-mode shift, and tail-risk planning failures.",Generic world models and generic uncertainty are crowded.,Planner recoverability scores keeps action-critical alternatives explicit until a physical observation collapses them.
23,doi:10.1109/icra.2014.6906922,Combined task and motion planning through an extensible planner-independent interface layer,2014,2014 IEEE International Conference on Robotics and Automation (ICRA),https://doi.org/10.1109/icra.2014.6906922,Addresses task and motion planning or a neighboring robotics mechanism.,"Prior work usually predicts, ranks, filters, or imitates observed behavior rather than preserving unrealized branches.",The observed outcome is enough to supervise the model.,"Contact mode support, embodiment limits, and deployment perturbations.","Branch collapse, hidden-mode shift, and tail-risk planning failures.",Generic world models and generic uncertainty are crowded.,Planner recoverability scores keeps action-critical alternatives explicit until a physical observation collapses them.
24,doi:10.1109/lra.2019.2894861,Learning Feasibility for Task and Motion Planning in Tabletop Environments,2019,IEEE Robotics and Automation Letters,https://doi.org/10.1109/lra.2019.2894861,Addresses task and motion planning or a neighboring robotics mechanism.,"Prior work usually predicts, ranks, filters, or imitates observed behavior rather than preserving unrealized branches.",The observed outcome is enough to supervise the model.,"Contact mode support, embodiment limits, and deployment perturbations.","Branch collapse, hidden-mode shift, and tail-risk planning failures.",Generic world models and generic uncertainty are crowded.,Planner recoverability scores keeps action-critical alternatives explicit until a physical observation collapses them.
25,doi:10.24963/ijcai.2018/674,Admissible Abstractions for Near-optimal Task and Motion Planning,2018,Proceedings of the Twenty-Seventh International Joint Conference on Artificial Intelligence,https://doi.org/10.24963/ijcai.2018/674,Addresses task and motion planning or a neighboring robotics mechanism.,"Prior work usually predicts, ranks, filters, or imitates observed behavior rather than preserving unrealized branches.",The observed outcome is enough to supervise the model.,"Contact mode support, embodiment limits, and deployment perturbations.","Branch collapse, hidden-mode shift, and tail-risk planning failures.",Generic world models and generic uncertainty are crowded.,Planner recoverability scores keeps action-critical alternatives explicit until a physical observation collapses them.
26,doi:10.1016/j.jksuci.2021.07.002,Unified robot task and motion planning with extended planner using ROS simulator,2022,Journal of King Saud University - Computer and Information Sciences,https://doi.org/10.1016/j.jksuci.2021.07.002,Addresses task and motion planning or a neighboring robotics mechanism.,"Prior work usually predicts, ranks, filters, or imitates observed behavior rather than preserving unrealized branches.",The observed outcome is enough to supervise the model.,"Contact mode support, embodiment limits, and deployment perturbations.","Branch collapse, hidden-mode shift, and tail-risk planning failures.",Generic world models and generic uncertainty are crowded.,Planner recoverability scores keeps action-critical alternatives explicit until a physical observation collapses them.
27,doi:10.1109/icra40945.2020.9196883,3D-CNN Based Heuristic Guided Task-Space Planner for Faster Motion Planning,2020,2020 IEEE International Conference on Robotics and Automation (ICRA),https://doi.org/10.1109/icra40945.2020.9196883,Addresses task and motion planning or a neighboring robotics mechanism.,"Prior work usually predicts, ranks, filters, or imitates observed behavior rather than preserving unrealized branches.",The observed outcome is enough to supervise the model.,"Contact mode support, embodiment limits, and deployment perturbations.","Branch collapse, hidden-mode shift, and tail-risk planning failures.",Generic world models and generic uncertainty are crowded.,Planner recoverability scores keeps action-critical alternatives explicit until a physical observation collapses them.
28,arxiv:2602.21670v2,Hierarchical LLM-Based Multi-Agent Framework with Prompt Optimization for Multi-Robot Task Planning,2026,arXiv,http://arxiv.org/abs/2602.21670v2,Addresses task and motion planning or a neighboring robotics mechanism.,"Prior work usually predicts, ranks, filters, or imitates observed behavior rather than preserving unrealized branches.",The observed outcome is enough to supervise the model.,"Contact mode support, embodiment limits, and deployment perturbations.","Branch collapse, hidden-mode shift, and tail-risk planning failures.",Generic world models and generic uncertainty are crowded.,Planner recoverability scores keeps action-critical alternatives explicit until a physical observation collapses them.
29,doi:10.1177/0278364918812981,I-Planner: Intention-aware motion planning using learning-based human motion prediction,2019,The International Journal of Robotics Research,https://doi.org/10.1177/0278364918812981,Addresses task and motion planning or a neighboring robotics mechanism.,"Prior work usually predicts, ranks, filters, or imitates observed behavior rather than preserving unrealized branches.",The observed outcome is enough to supervise the model.,"Contact mode support, embodiment limits, and deployment perturbations.","Branch collapse, hidden-mode shift, and tail-risk planning failures.",Generic world models and generic uncertainty are crowded.,Planner recoverability scores keeps action-critical alternatives explicit until a physical observation collapses them.
30,arxiv:2306.06531v3,AutoTAMP: Autoregressive Task and Motion Planning with LLMs as Translators and Checkers,2023,arXiv,http://arxiv.org/abs/2306.06531v3,Addresses task and motion planning or a neighboring robotics mechanism.,"Prior work usually predicts, ranks, filters, or imitates observed behavior rather than preserving unrealized branches.",The observed outcome is enough to supervise the model.,"Contact mode support, embodiment limits, and deployment perturbations.","Branch collapse, hidden-mode shift, and tail-risk planning failures.",Generic world models and generic uncertainty are crowded.,Planner recoverability scores keeps action-critical alternatives explicit until a physical observation collapses them.
31,doi:10.1007/s10514-024-10177-1,Dynamic event-triggered integrated task and motion planning for process-aware source seeking,2024,Autonomous Robots,https://doi.org/10.1007/s10514-024-10177-1,Addresses task and motion planning or a neighboring robotics mechanism.,"Prior work usually predicts, ranks, filters, or imitates observed behavior rather than preserving unrealized branches.",The observed outcome is enough to supervise the model.,"Contact mode support, embodiment limits, and deployment perturbations.","Branch collapse, hidden-mode shift, and tail-risk planning failures.",Generic world models and generic uncertainty are crowded.,Planner recoverability scores keeps action-critical alternatives explicit until a physical observation collapses them.
32,doi:10.1115/1.4069407,Kinodynamic Motion Planning for Collaborative Object Transportation by Multiple Mobile Manipulators,2025,Journal of Mechanisms and Robotics,https://doi.org/10.1115/1.4069407,Addresses task and motion planning or a neighboring robotics mechanism.,"Prior work usually predicts, ranks, filters, or imitates observed behavior rather than preserving unrealized branches.",The observed outcome is enough to supervise the model.,"Contact mode support, embodiment limits, and deployment perturbations.","Branch collapse, hidden-mode shift, and tail-risk planning failures.",Generic world models and generic uncertainty are crowded.,Planner recoverability scores keeps action-critical alternatives explicit until a physical observation collapses them.
33,doi:10.1109/icra40945.2020.9196667,Incorporating Motion Planning Feasibility Considerations during Task-Agent Assignment to Perform Complex Tasks Using Mobile Manipulators,2020,2020 IEEE International Conference on Robotics and Automation (ICRA),https://doi.org/10.1109/icra40945.2020.9196667,Addresses task and motion planning or a neighboring robotics mechanism.,"Prior work usually predicts, ranks, filters, or imitates observed behavior rather than preserving unrealized branches.",The observed outcome is enough to supervise the model.,"Contact mode support, embodiment limits, and deployment perturbations.","Branch collapse, hidden-mode shift, and tail-risk planning failures.",Generic world models and generic uncertainty are crowded.,Planner recoverability scores keeps action-critical alternatives explicit until a physical observation collapses them.
34,doi:10.1007/s10462-026-11588-5,Multi-agent task and motion planning trends analysis: a survey,2026,Artificial Intelligence Review,https://doi.org/10.1007/s10462-026-11588-5,Addresses task and motion planning or a neighboring robotics mechanism.,"Prior work usually predicts, ranks, filters, or imitates observed behavior rather than preserving unrealized branches.",The observed outcome is enough to supervise the model.,"Contact mode support, embodiment limits, and deployment perturbations.","Branch collapse, hidden-mode shift, and tail-risk planning failures.",Generic world models and generic uncertainty are crowded.,Planner recoverability scores keeps action-critical alternatives explicit until a physical observation collapses them.
35,arxiv:1910.11683v1,Task-Motion Planning for Navigation in Belief Space,2019,arXiv,http://arxiv.org/abs/1910.11683v1,Addresses task and motion planning or a neighboring robotics mechanism.,"Prior work usually predicts, ranks, filters, or imitates observed behavior rather than preserving unrealized branches.",The observed outcome is enough to supervise the model.,"Contact mode support, embodiment limits, and deployment perturbations.","Branch collapse, hidden-mode shift, and tail-risk planning failures.",Generic world models and generic uncertainty are crowded.,Planner recoverability scores keeps action-critical alternatives explicit until a physical observation collapses them.
36,arxiv:2508.04384v1,Incorporating Stochastic Models of Controller Behavior into Kinodynamic Efficiently Adaptive State Lattices for Mobile Robot Motion Planning in Off-Road Environments,2025,arXiv,http://arxiv.org/abs/2508.04384v1,Addresses task and motion planning or a neighboring robotics mechanism.,"Prior work usually predicts, ranks, filters, or imitates observed behavior rather than preserving unrealized branches.",The observed outcome is enough to supervise the model.,"Contact mode support, embodiment limits, and deployment perturbations.","Branch collapse, hidden-mode shift, and tail-risk planning failures.",Generic world models and generic uncertainty are crowded.,Planner recoverability scores keeps action-critical alternatives explicit until a physical observation collapses them.
37,doi:10.1109/iros55552.2023.10341257,Simultaneous Action and Grasp Feasibility Prediction for Task and Motion Planning Through Multi-Task Learning,2023,2023 IEEE/RSJ International Conference on Intelligent Robots and Systems (IROS),https://doi.org/10.1109/iros55552.2023.10341257,Addresses task and motion planning or a neighboring robotics mechanism.,"Prior work usually predicts, ranks, filters, or imitates observed behavior rather than preserving unrealized branches.",The observed outcome is enough to supervise the model.,"Contact mode support, embodiment limits, and deployment perturbations.","Branch collapse, hidden-mode shift, and tail-risk planning failures.",Generic world models and generic uncertainty are crowded.,Planner recoverability scores keeps action-critical alternatives explicit until a physical observation collapses them.
38,doi:10.1177/02783649221077714,Reactive task and motion planning for robust whole-body dynamic locomotion in constrained environments,2022,The International Journal of Robotics Research,https://doi.org/10.1177/02783649221077714,Addresses task and motion planning or a neighboring robotics mechanism.,"Prior work usually predicts, ranks, filters, or imitates observed behavior rather than preserving unrealized branches.",The observed outcome is enough to supervise the model.,"Contact mode support, embodiment limits, and deployment perturbations.","Branch collapse, hidden-mode shift, and tail-risk planning failures.",Generic world models and generic uncertainty are crowded.,Planner recoverability scores keeps action-critical alternatives explicit until a physical observation collapses them.
39,doi:10.1109/icra.2017.7989327,Learning to guide task and motion planning using score-space representation,2017,2017 IEEE International Conference on Robotics and Automation (ICRA),https://doi.org/10.1109/icra.2017.7989327,Addresses task and motion planning or a neighboring robotics mechanism.,"Prior work usually predicts, ranks, filters, or imitates observed behavior rather than preserving unrealized branches.",The observed outcome is enough to supervise the model.,"Contact mode support, embodiment limits, and deployment perturbations.","Branch collapse, hidden-mode shift, and tail-risk planning failures.",Generic world models and generic uncertainty are crowded.,Planner recoverability scores keeps action-critical alternatives explicit until a physical observation collapses them.
40,doi:10.1177/0278364914545811,Efficiently combining task and motion planning using geometric constraints,2014,The International Journal of Robotics Research,https://doi.org/10.1177/0278364914545811,Addresses task and motion planning or a neighboring robotics mechanism.,"Prior work usually predicts, ranks, filters, or imitates observed behavior rather than preserving unrealized branches.",The observed outcome is enough to supervise the model.,"Contact mode support, embodiment limits, and deployment perturbations.","Branch collapse, hidden-mode shift, and tail-risk planning failures.",Generic world models and generic uncertainty are crowded.,Planner recoverability scores keeps action-critical alternatives explicit until a physical observation collapses them.
41,arxiv:2010.00780v1,Towards Multi-Robot Task-Motion Planning for Navigation in Belief Space,2020,arXiv,http://arxiv.org/abs/2010.00780v1,Addresses task and motion planning or a neighboring robotics mechanism.,"Prior work usually predicts, ranks, filters, or imitates observed behavior rather than preserving unrealized branches.",The observed outcome is enough to supervise the model.,"Contact mode support, embodiment limits, and deployment perturbations.","Branch collapse, hidden-mode shift, and tail-risk planning failures.",Generic world models and generic uncertainty are crowded.,Planner recoverability scores keeps action-critical alternatives explicit until a physical observation collapses them.
42,doi:10.1017/s0263574718001182,A general framework for task-constrained motion planning with moving obstacles,2019,Robotica,https://doi.org/10.1017/s0263574718001182,Addresses task and motion planning or a neighboring robotics mechanism.,"Prior work usually predicts, ranks, filters, or imitates observed behavior rather than preserving unrealized branches.",The observed outcome is enough to supervise the model.,"Contact mode support, embodiment limits, and deployment perturbations.","Branch collapse, hidden-mode shift, and tail-risk planning failures.",Generic world models and generic uncertainty are crowded.,Planner recoverability scores keeps action-critical alternatives explicit until a physical observation collapses them.
43,doi:10.1007/978-3-030-95892-3_36,Action Feasibility Learning with Cell-Based Multi-Object Representation for Task and Motion Planning,2022,Lecture Notes in Networks and Systems Intelligent Autonomous Systems 16,https://doi.org/10.1007/978-3-030-95892-3_36,Addresses task and motion planning or a neighboring robotics mechanism.,"Prior work usually predicts, ranks, filters, or imitates observed behavior rather than preserving unrealized branches.",The observed outcome is enough to supervise the model.,"Contact mode support, embodiment limits, and deployment perturbations.","Branch collapse, hidden-mode shift, and tail-risk planning failures.",Generic world models and generic uncertainty are crowded.,Planner recoverability scores keeps action-critical alternatives explicit until a physical observation collapses them.
44,arxiv:2406.03641v2,Task and Motion Planning for Execution in the Real,2024,arXiv,http://arxiv.org/abs/2406.03641v2,Addresses task and motion planning or a neighboring robotics mechanism.,"Prior work usually predicts, ranks, filters, or imitates observed behavior rather than preserving unrealized branches.",The observed outcome is enough to supervise the model.,"Contact mode support, embodiment limits, and deployment perturbations.","Branch collapse, hidden-mode shift, and tail-risk planning failures.",Generic world models and generic uncertainty are crowded.,Planner recoverability scores keeps action-critical alternatives explicit until a physical observation collapses them.
45,arxiv:2412.07493v3,LLM-guided Task and Motion Planning using Knowledge-based Reasoning,2024,arXiv,http://arxiv.org/abs/2412.07493v3,Addresses task and motion planning or a neighboring robotics mechanism.,"Prior work usually predicts, ranks, filters, or imitates observed behavior rather than preserving unrealized branches.",The observed outcome is enough to supervise the model.,"Contact mode support, embodiment limits, and deployment perturbations.","Branch collapse, hidden-mode shift, and tail-risk planning failures.",Generic world models and generic uncertainty are crowded.,Planner recoverability scores keeps action-critical alternatives explicit until a physical observation collapses them.
46,doi:10.1002/aisy.202400897,A Task and Motion Planning Framework for Partially Observable Household Manipulation Scenes,2025,Advanced Intelligent Systems,https://doi.org/10.1002/aisy.202400897,Addresses task and motion planning or a neighboring robotics mechanism.,"Prior work usually predicts, ranks, filters, or imitates observed behavior rather than preserving unrealized branches.",The observed outcome is enough to supervise the model.,"Contact mode support, embodiment limits, and deployment perturbations.","Branch collapse, hidden-mode shift, and tail-risk planning failures.",Generic world models and generic uncertainty are crowded.,Planner recoverability scores keeps action-critical alternatives explicit until a physical observation collapses them.
47,arxiv:2402.01617v1,A GP-based Robust Motion Planning Framework for Agile Autonomous Robot Navigation and Recovery in Unknown Environments,2024,arXiv,http://arxiv.org/abs/2402.01617v1,Addresses task and motion planning or a neighboring robotics mechanism.,"Prior work usually predicts, ranks, filters, or imitates observed behavior rather than preserving unrealized branches.",The observed outcome is enough to supervise the model.,"Contact mode support, embodiment limits, and deployment perturbations.","Branch collapse, hidden-mode shift, and tail-risk planning failures.",Generic world models and generic uncertainty are crowded.,Planner recoverability scores keeps action-critical alternatives explicit until a physical observation collapses them.
48,doi:10.3389/frobt.2021.637888,Combining Task and Motion Planning: Challenges and Guidelines,2021,Frontiers in Robotics and AI,https://doi.org/10.3389/frobt.2021.637888,Addresses task and motion planning or a neighboring robotics mechanism.,"Prior work usually predicts, ranks, filters, or imitates observed behavior rather than preserving unrealized branches.",The observed outcome is enough to supervise the model.,"Contact mode support, embodiment limits, and deployment perturbations.","Branch collapse, hidden-mode shift, and tail-risk planning failures.",Generic world models and generic uncertainty are crowded.,Planner recoverability scores keeps action-critical alternatives explicit until a physical observation collapses them.
49,doi:10.1177/0278364917712421,Funnel libraries for real-time robust feedback motion planning,2017,The International Journal of Robotics Research,https://doi.org/10.1177/0278364917712421,Addresses task and motion planning or a neighboring robotics mechanism.,"Prior work usually predicts, ranks, filters, or imitates observed behavior rather than preserving unrealized branches.",The observed outcome is enough to supervise the model.,"Contact mode support, embodiment limits, and deployment perturbations.","Branch collapse, hidden-mode shift, and tail-risk planning failures.",Generic world models and generic uncertainty are crowded.,Planner recoverability scores keeps action-critical alternatives explicit until a physical observation collapses them.
50,doi:10.1109/icra48891.2023.10160294.,A Reachability Tree-Based Algorithm for Robot Task and Motion Planning,2023,arXiv,http://arxiv.org/abs/2303.03825v1,Addresses task and motion planning or a neighboring robotics mechanism.,"Prior work usually predicts, ranks, filters, or imitates observed behavior rather than preserving unrealized branches.",The observed outcome is enough to supervise the model.,"Contact mode support, embodiment limits, and deployment perturbations.","Branch collapse, hidden-mode shift, and tail-risk planning failures.",Generic world models and generic uncertainty are crowded.,Planner recoverability scores keeps action-critical alternatives explicit until a physical observation collapses them.
51,arxiv:2309.08897v1,Asynchronous Task Plan Refinement for Multi-Robot Task and Motion Planning,2023,arXiv,http://arxiv.org/abs/2309.08897v1,Addresses task and motion planning or a neighboring robotics mechanism.,"Prior work usually predicts, ranks, filters, or imitates observed behavior rather than preserving unrealized branches.",The observed outcome is enough to supervise the model.,"Contact mode support, embodiment limits, and deployment perturbations.","Branch collapse, hidden-mode shift, and tail-risk planning failures.",Generic world models and generic uncertainty are crowded.,Planner recoverability scores keeps action-critical alternatives explicit until a physical observation collapses them.
52,arxiv:2303.11476v4,Chance-Constrained Multi-Robot Motion Planning under Gaussian Uncertainties,2023,arXiv,http://arxiv.org/abs/2303.11476v4,Addresses task and motion planning or a neighboring robotics mechanism.,"Prior work usually predicts, ranks, filters, or imitates observed behavior rather than preserving unrealized branches.",The observed outcome is enough to supervise the model.,"Contact mode support, embodiment limits, and deployment perturbations.","Branch collapse, hidden-mode shift, and tail-risk planning failures.",Generic world models and generic uncertainty are crowded.,Planner recoverability scores keeps action-critical alternatives explicit until a physical observation collapses them.
53,doi:10.1017/s0263574715000417,Robot motion planning with task specifications via regular languages,2017,Robotica,https://doi.org/10.1017/s0263574715000417,Addresses task and motion planning or a neighboring robotics mechanism.,"Prior work usually predicts, ranks, filters, or imitates observed behavior rather than preserving unrealized branches.",The observed outcome is enough to supervise the model.,"Contact mode support, embodiment limits, and deployment perturbations.","Branch collapse, hidden-mode shift, and tail-risk planning failures.",Generic world models and generic uncertainty are crowded.,Planner recoverability scores keeps action-critical alternatives explicit until a physical observation collapses them.
54,doi:10.3389/frobt.2023.1221739,Learning to reason over scene graphs: a case study of finetuning GPT-2 into a robot language model for grounded task planning,2023,Frontiers in Robotics and AI,https://doi.org/10.3389/frobt.2023.1221739,Addresses task and motion planning or a neighboring robotics mechanism.,"Prior work usually predicts, ranks, filters, or imitates observed behavior rather than preserving unrealized branches.",The observed outcome is enough to supervise the model.,"Contact mode support, embodiment limits, and deployment perturbations.","Branch collapse, hidden-mode shift, and tail-risk planning failures.",Generic world models and generic uncertainty are crowded.,Planner recoverability scores keeps action-critical alternatives explicit until a physical observation collapses them.
55,arxiv:2202.10667v2,Visually Grounded Task and Motion Planning for Mobile Manipulation,2022,arXiv,http://arxiv.org/abs/2202.10667v2,Addresses task and motion planning or a neighboring robotics mechanism.,"Prior work usually predicts, ranks, filters, or imitates observed behavior rather than preserving unrealized branches.",The observed outcome is enough to supervise the model.,"Contact mode support, embodiment limits, and deployment perturbations.","Branch collapse, hidden-mode shift, and tail-risk planning failures.",Generic world models and generic uncertainty are crowded.,Planner recoverability scores keeps action-critical alternatives explicit until a physical observation collapses them.
56,doi:10.1109/tro.2025.3584557,"Can Not Touch This: Real-Time, Safe Motion Planning and Control for Manipulators Under Uncertainty",2025,IEEE Transactions on Robotics,https://doi.org/10.1109/tro.2025.3584557,Addresses task and motion planning or a neighboring robotics mechanism.,"Prior work usually predicts, ranks, filters, or imitates observed behavior rather than preserving unrealized branches.",The observed outcome is enough to supervise the model.,"Contact mode support, embodiment limits, and deployment perturbations.","Branch collapse, hidden-mode shift, and tail-risk planning failures.",Generic world models and generic uncertainty are crowded.,Planner recoverability scores keeps action-critical alternatives explicit until a physical observation collapses them.
57,doi:10.1609/aaai.v39i14.33595,Int2Planner: An Intention-based Multi-modal Motion Planner for Integrated Prediction and Planning,2025,Proceedings of the AAAI Conference on Artificial Intelligence,https://doi.org/10.1609/aaai.v39i14.33595,Addresses task and motion planning or a neighboring robotics mechanism.,"Prior work usually predicts, ranks, filters, or imitates observed behavior rather than preserving unrealized branches.",The observed outcome is enough to supervise the model.,"Contact mode support, embodiment limits, and deployment perturbations.","Branch collapse, hidden-mode shift, and tail-risk planning failures.",Generic world models and generic uncertainty are crowded.,Planner recoverability scores keeps action-critical alternatives explicit until a physical observation collapses them.
58,doi:10.1126/scirobotics.adf7843,Motion planning around obstacles with convex optimization,2023,Science Robotics,https://doi.org/10.1126/scirobotics.adf7843,Addresses task and motion planning or a neighboring robotics mechanism.,"Prior work usually predicts, ranks, filters, or imitates observed behavior rather than preserving unrealized branches.",The observed outcome is enough to supervise the model.,"Contact mode support, embodiment limits, and deployment perturbations.","Branch collapse, hidden-mode shift, and tail-risk planning failures.",Generic world models and generic uncertainty are crowded.,Planner recoverability scores keeps action-critical alternatives explicit until a physical observation collapses them.
59,doi:10.1109/icra55743.2025.11128705,Guiding Long-Horizon Task and Motion Planning with Vision Language Models,2025,2025 IEEE International Conference on Robotics and Automation (ICRA),https://doi.org/10.1109/icra55743.2025.11128705,Addresses task and motion planning or a neighboring robotics mechanism.,"Prior work usually predicts, ranks, filters, or imitates observed behavior rather than preserving unrealized branches.",The observed outcome is enough to supervise the model.,"Contact mode support, embodiment limits, and deployment perturbations.","Branch collapse, hidden-mode shift, and tail-risk planning failures.",Generic world models and generic uncertainty are crowded.,Planner recoverability scores keeps action-critical alternatives explicit until a physical observation collapses them.
60,arxiv:2404.03275v3,DELTA: Decomposed Efficient Long-Term Robot Task Planning using Large Language Models,2024,arXiv,http://arxiv.org/abs/2404.03275v3,Addresses task and motion planning or a neighboring robotics mechanism.,"Prior work usually predicts, ranks, filters, or imitates observed behavior rather than preserving unrealized branches.",The observed outcome is enough to supervise the model.,"Contact mode support, embodiment limits, and deployment perturbations.","Branch collapse, hidden-mode shift, and tail-risk planning failures.",Generic world models and generic uncertainty are crowded.,Planner recoverability scores keeps action-critical alternatives explicit until a physical observation collapses them.
61,doi:10.1177/02783649251378196,LLM-GROP: Visually grounded robot task and motion planning with large language models,2025,The International Journal of Robotics Research,https://doi.org/10.1177/02783649251378196,Addresses task and motion planning or a neighboring robotics mechanism.,"Prior work usually predicts, ranks, filters, or imitates observed behavior rather than preserving unrealized branches.",The observed outcome is enough to supervise the model.,"Contact mode support, embodiment limits, and deployment perturbations.","Branch collapse, hidden-mode shift, and tail-risk planning failures.",Generic world models and generic uncertainty are crowded.,Planner recoverability scores keeps action-critical alternatives explicit until a physical observation collapses them.
62,doi:10.1177/02783649251315203,Scenario-based motion planning with bounded probability of collision,2025,The International Journal of Robotics Research,https://doi.org/10.1177/02783649251315203,Addresses task and motion planning or a neighboring robotics mechanism.,"Prior work usually predicts, ranks, filters, or imitates observed behavior rather than preserving unrealized branches.",The observed outcome is enough to supervise the model.,"Contact mode support, embodiment limits, and deployment perturbations.","Branch collapse, hidden-mode shift, and tail-risk planning failures.",Generic world models and generic uncertainty are crowded.,Planner recoverability scores keeps action-critical alternatives explicit until a physical observation collapses them.
63,doi:10.1177/0278364908097884,"A Hybrid Approach to Intricate Motion, Manipulation and Task Planning",2009,The International Journal of Robotics Research,https://doi.org/10.1177/0278364908097884,Addresses task and motion planning or a neighboring robotics mechanism.,"Prior work usually predicts, ranks, filters, or imitates observed behavior rather than preserving unrealized branches.",The observed outcome is enough to supervise the model.,"Contact mode support, embodiment limits, and deployment perturbations.","Branch collapse, hidden-mode shift, and tail-risk planning failures.",Generic world models and generic uncertainty are crowded.,Planner recoverability scores keeps action-critical alternatives explicit until a physical observation collapses them.
64,doi:10.1049/csy2.70051,SCU‐T‐MPC: Risk‐Aware and Socially Compliant Topological Motion Planning Under Uncertainty,2026,IET Cyber-Systems and Robotics,https://doi.org/10.1049/csy2.70051,Addresses task and motion planning or a neighboring robotics mechanism.,"Prior work usually predicts, ranks, filters, or imitates observed behavior rather than preserving unrealized branches.",The observed outcome is enough to supervise the model.,"Contact mode support, embodiment limits, and deployment perturbations.","Branch collapse, hidden-mode shift, and tail-risk planning failures.",Generic world models and generic uncertainty are crowded.,Planner recoverability scores keeps action-critical alternatives explicit until a physical observation collapses them.
65,arxiv:2602.11291v2,H-WM: Robotic Task and Motion Planning Guided by Hierarchical World Model,2026,arXiv,http://arxiv.org/abs/2602.11291v2,Addresses task and motion planning or a neighboring robotics mechanism.,"Prior work usually predicts, ranks, filters, or imitates observed behavior rather than preserving unrealized branches.",The observed outcome is enough to supervise the model.,"Contact mode support, embodiment limits, and deployment perturbations.","Branch collapse, hidden-mode shift, and tail-risk planning failures.",Generic world models and generic uncertainty are crowded.,Planner recoverability scores keeps action-critical alternatives explicit until a physical observation collapses them.
66,arxiv:2504.18899v2,Hierarchical Temporal Logic Task and Motion Planning for Multi-Robot Systems,2025,arXiv,http://arxiv.org/abs/2504.18899v2,Addresses task and motion planning or a neighboring robotics mechanism.,"Prior work usually predicts, ranks, filters, or imitates observed behavior rather than preserving unrealized branches.",The observed outcome is enough to supervise the model.,"Contact mode support, embodiment limits, and deployment perturbations.","Branch collapse, hidden-mode shift, and tail-risk planning failures.",Generic world models and generic uncertainty are crowded.,Planner recoverability scores keeps action-critical alternatives explicit until a physical observation collapses them.
67,arxiv:2503.07700v1,A Task and Motion Planning Framework Using Iteratively Deepened AND/OR Graph Networks,2025,arXiv,http://arxiv.org/abs/2503.07700v1,Addresses task and motion planning or a neighboring robotics mechanism.,"Prior work usually predicts, ranks, filters, or imitates observed behavior rather than preserving unrealized branches.",The observed outcome is enough to supervise the model.,"Contact mode support, embodiment limits, and deployment perturbations.","Branch collapse, hidden-mode shift, and tail-risk planning failures.",Generic world models and generic uncertainty are crowded.,Planner recoverability scores keeps action-critical alternatives explicit until a physical observation collapses them.
68,arxiv:2504.05552v2,Lazy-DaSH: Lazy Approach for Hypergraph-based Multi-robot Task and Motion Planning,2025,arXiv,http://arxiv.org/abs/2504.05552v2,Addresses task and motion planning or a neighboring robotics mechanism.,"Prior work usually predicts, ranks, filters, or imitates observed behavior rather than preserving unrealized branches.",The observed outcome is enough to supervise the model.,"Contact mode support, embodiment limits, and deployment perturbations.","Branch collapse, hidden-mode shift, and tail-risk planning failures.",Generic world models and generic uncertainty are crowded.,Planner recoverability scores keeps action-critical alternatives explicit until a physical observation collapses them.
69,doi:10.1609/icaps.v36i1.42897,Interleaving Scheduling and Motion Planning with Incremental Learning of Symbolic Space-Time Motion Abstractions,2026,Proceedings of the International Conference on Automated Planning and Scheduling,https://doi.org/10.1609/icaps.v36i1.42897,Addresses task and motion planning or a neighboring robotics mechanism.,"Prior work usually predicts, ranks, filters, or imitates observed behavior rather than preserving unrealized branches.",The observed outcome is enough to supervise the model.,"Contact mode support, embodiment limits, and deployment perturbations.","Branch collapse, hidden-mode shift, and tail-risk planning failures.",Generic world models and generic uncertainty are crowded.,Planner recoverability scores keeps action-critical alternatives explicit until a physical observation collapses them.
70,doi:10.1609/aaai.v33i01.33018017,Adversarial Actor-Critic Method for Task and Motion Planning Problems Using Planning Experience,2019,Proceedings of the AAAI Conference on Artificial Intelligence,https://doi.org/10.1609/aaai.v33i01.33018017,Addresses task and motion planning or a neighboring robotics mechanism.,"Prior work usually predicts, ranks, filters, or imitates observed behavior rather than preserving unrealized branches.",The observed outcome is enough to supervise the model.,"Contact mode support, embodiment limits, and deployment perturbations.","Branch collapse, hidden-mode shift, and tail-risk planning failures.",Generic world models and generic uncertainty are crowded.,Planner recoverability scores keeps action-critical alternatives explicit until a physical observation collapses them.
71,doi:10.1177/0278364915619022,Combining task and motion planning: A culprit detection problem,2016,The International Journal of Robotics Research,https://doi.org/10.1177/0278364915619022,Addresses task and motion planning or a neighboring robotics mechanism.,"Prior work usually predicts, ranks, filters, or imitates observed behavior rather than preserving unrealized branches.",The observed outcome is enough to supervise the model.,"Contact mode support, embodiment limits, and deployment perturbations.","Branch collapse, hidden-mode shift, and tail-risk planning failures.",Generic world models and generic uncertainty are crowded.,Planner recoverability scores keeps action-critical alternatives explicit until a physical observation collapses them.
72,doi:10.1177/027836499701600606,Vision and Motion Planning for a Mobile Robot under Uncertainty,1997,The International Journal of Robotics Research,https://doi.org/10.1177/027836499701600606,Addresses task and motion planning or a neighboring robotics mechanism.,"Prior work usually predicts, ranks, filters, or imitates observed behavior rather than preserving unrealized branches.",The observed outcome is enough to supervise the model.,"Contact mode support, embodiment limits, and deployment perturbations.","Branch collapse, hidden-mode shift, and tail-risk planning failures.",Generic world models and generic uncertainty are crowded.,Planner recoverability scores keeps action-critical alternatives explicit until a physical observation collapses them.
73,arxiv:2409.05586v2,Interpretable Responsibility Sharing as a Heuristic for Task and Motion Planning,2024,arXiv,http://arxiv.org/abs/2409.05586v2,Addresses task and motion planning or a neighboring robotics mechanism.,"Prior work usually predicts, ranks, filters, or imitates observed behavior rather than preserving unrealized branches.",The observed outcome is enough to supervise the model.,"Contact mode support, embodiment limits, and deployment perturbations.","Branch collapse, hidden-mode shift, and tail-risk planning failures.",Generic world models and generic uncertainty are crowded.,Planner recoverability scores keeps action-critical alternatives explicit until a physical observation collapses them.
74,arxiv:2411.11833v2,Differentiable GPU-Parallelized Task and Motion Planning,2024,arXiv,http://arxiv.org/abs/2411.11833v2,Addresses task and motion planning or a neighboring robotics mechanism.,"Prior work usually predicts, ranks, filters, or imitates observed behavior rather than preserving unrealized branches.",The observed outcome is enough to supervise the model.,"Contact mode support, embodiment limits, and deployment perturbations.","Branch collapse, hidden-mode shift, and tail-risk planning failures.",Generic world models and generic uncertainty are crowded.,Planner recoverability scores keeps action-critical alternatives explicit until a physical observation collapses them.
75,doi:10.1177/027836402320556421,Randomized Kinodynamic Motion Planning with Moving Obstacles,2002,The International Journal of Robotics Research,https://doi.org/10.1177/027836402320556421,Addresses task and motion planning or a neighboring robotics mechanism.,"Prior work usually predicts, ranks, filters, or imitates observed behavior rather than preserving unrealized branches.",The observed outcome is enough to supervise the model.,"Contact mode support, embodiment limits, and deployment perturbations.","Branch collapse, hidden-mode shift, and tail-risk planning failures.",Generic world models and generic uncertainty are crowded.,Planner recoverability scores keeps action-critical alternatives explicit until a physical observation collapses them.
76,doi:10.1115/1.4071124,Motion Planning of Cooperative Nonholonomic Mobile Manipulators,2025,ASME Letters in Translational Robotics,https://doi.org/10.1115/1.4071124,Addresses task and motion planning or a neighboring robotics mechanism.,"Prior work usually predicts, ranks, filters, or imitates observed behavior rather than preserving unrealized branches.",The observed outcome is enough to supervise the model.,"Contact mode support, embodiment limits, and deployment perturbations.","Branch collapse, hidden-mode shift, and tail-risk planning failures.",Generic world models and generic uncertainty are crowded.,Planner recoverability scores keeps action-critical alternatives explicit until a physical observation collapses them.
77,doi:10.1177/0278364918802962,Sampling-based methods for factored task and motion planning,2018,The International Journal of Robotics Research,https://doi.org/10.1177/0278364918802962,Addresses task and motion planning or a neighboring robotics mechanism.,"Prior work usually predicts, ranks, filters, or imitates observed behavior rather than preserving unrealized branches.",The observed outcome is enough to supervise the model.,"Contact mode support, embodiment limits, and deployment perturbations.","Branch collapse, hidden-mode shift, and tail-risk planning failures.",Generic world models and generic uncertainty are crowded.,Planner recoverability scores keeps action-critical alternatives explicit until a physical observation collapses them.
78,arxiv:2504.14259v1,Experience-based Refinement of Task Planning Knowledge in Autonomous Robots,2025,arXiv,http://arxiv.org/abs/2504.14259v1,Addresses task and motion planning or a neighboring robotics mechanism.,"Prior work usually predicts, ranks, filters, or imitates observed behavior rather than preserving unrealized branches.",The observed outcome is enough to supervise the model.,"Contact mode support, embodiment limits, and deployment perturbations.","Branch collapse, hidden-mode shift, and tail-risk planning failures.",Generic world models and generic uncertainty are crowded.,Planner recoverability scores keeps action-critical alternatives explicit until a physical observation collapses them.
79,doi:10.3390/s25061900,Redundancy-Based Motion Planning with Task Constraints for Robot Manipulators,2025,Sensors,https://doi.org/10.3390/s25061900,Addresses task and motion planning or a neighboring robotics mechanism.,"Prior work usually predicts, ranks, filters, or imitates observed behavior rather than preserving unrealized branches.",The observed outcome is enough to supervise the model.,"Contact mode support, embodiment limits, and deployment perturbations.","Branch collapse, hidden-mode shift, and tail-risk planning failures.",Generic world models and generic uncertainty are crowded.,Planner recoverability scores keeps action-critical alternatives explicit until a physical observation collapses them.
80,doi:10.1109/icra55743.2025.11128454,LLM-as-BT-Planner: Leveraging LLMs for Behavior Tree Generation in Robot Task Planning,2025,2025 IEEE International Conference on Robotics and Automation (ICRA),https://doi.org/10.1109/icra55743.2025.11128454,Addresses task and motion planning or a neighboring robotics mechanism.,"Prior work usually predicts, ranks, filters, or imitates observed behavior rather than preserving unrealized branches.",The observed outcome is enough to supervise the model.,"Contact mode support, embodiment limits, and deployment perturbations.","Branch collapse, hidden-mode shift, and tail-risk planning failures.",Generic world models and generic uncertainty are crowded.,Planner recoverability scores keeps action-critical alternatives explicit until a physical observation collapses them.
81,doi:10.1007/s10846-023-01935-x,Auction-Based Task Allocation and Motion Planning for Multi-Robot Systems with Human Supervision,2023,Journal of Intelligent & Robotic Systems,https://doi.org/10.1007/s10846-023-01935-x,Addresses task and motion planning or a neighboring robotics mechanism.,"Prior work usually predicts, ranks, filters, or imitates observed behavior rather than preserving unrealized branches.",The observed outcome is enough to supervise the model.,"Contact mode support, embodiment limits, and deployment perturbations.","Branch collapse, hidden-mode shift, and tail-risk planning failures.",Generic world models and generic uncertainty are crowded.,Planner recoverability scores keeps action-critical alternatives explicit until a physical observation collapses them.
82,doi:10.1177/0278364918790369,Continuous-time Gaussian process motion planning via probabilistic inference,2018,The International Journal of Robotics Research,https://doi.org/10.1177/0278364918790369,Addresses task and motion planning or a neighboring robotics mechanism.,"Prior work usually predicts, ranks, filters, or imitates observed behavior rather than preserving unrealized branches.",The observed outcome is enough to supervise the model.,"Contact mode support, embodiment limits, and deployment perturbations.","Branch collapse, hidden-mode shift, and tail-risk planning failures.",Generic world models and generic uncertainty are crowded.,Planner recoverability scores keeps action-critical alternatives explicit until a physical observation collapses them.
83,doi:10.1109/icra55743.2025.11127951,LaMMA-P: Generalizable Multi-Agent Long-Horizon Task Allocation and Planning with LM-Driven PDDL Planner,2025,2025 IEEE International Conference on Robotics and Automation (ICRA),https://doi.org/10.1109/icra55743.2025.11127951,Addresses task and motion planning or a neighboring robotics mechanism.,"Prior work usually predicts, ranks, filters, or imitates observed behavior rather than preserving unrealized branches.",The observed outcome is enough to supervise the model.,"Contact mode support, embodiment limits, and deployment perturbations.","Branch collapse, hidden-mode shift, and tail-risk planning failures.",Generic world models and generic uncertainty are crowded.,Planner recoverability scores keeps action-critical alternatives explicit until a physical observation collapses them.
84,doi:10.1146/annurev-control-091420-084139,Integrated Task and Motion Planning,2021,"Annual Review of Control, Robotics, and Autonomous Systems",https://doi.org/10.1146/annurev-control-091420-084139,Addresses task and motion planning or a neighboring robotics mechanism.,"Prior work usually predicts, ranks, filters, or imitates observed behavior rather than preserving unrealized branches.",The observed outcome is enough to supervise the model.,"Contact mode support, embodiment limits, and deployment perturbations.","Branch collapse, hidden-mode shift, and tail-risk planning failures.",Generic world models and generic uncertainty are crowded.,Planner recoverability scores keeps action-critical alternatives explicit until a physical observation collapses them.
85,doi:10.1177/027836499701600605,"On Motion Planning in Changing, Partially Predictable Environments",1997,The International Journal of Robotics Research,https://doi.org/10.1177/027836499701600605,Addresses task and motion planning or a neighboring robotics mechanism.,"Prior work usually predicts, ranks, filters, or imitates observed behavior rather than preserving unrealized branches.",The observed outcome is enough to supervise the model.,"Contact mode support, embodiment limits, and deployment perturbations.","Branch collapse, hidden-mode shift, and tail-risk planning failures.",Generic world models and generic uncertainty are crowded.,Planner recoverability scores keeps action-critical alternatives explicit until a physical observation collapses them.
86,doi:10.1609/icaps.v23i1.13589,Planning for Social Interaction in a Robot Bartender Domain,2013,Proceedings of the International Conference on Automated Planning and Scheduling,https://doi.org/10.1609/icaps.v23i1.13589,Addresses task and motion planning or a neighboring robotics mechanism.,"Prior work usually predicts, ranks, filters, or imitates observed behavior rather than preserving unrealized branches.",The observed outcome is enough to supervise the model.,"Contact mode support, embodiment limits, and deployment perturbations.","Branch collapse, hidden-mode shift, and tail-risk planning failures.",Generic world models and generic uncertainty are crowded.,Planner recoverability scores keeps action-critical alternatives explicit until a physical observation collapses them.
87,doi:10.1145/3209045,"Closed-Loop Global Motion Planning for Reactive, Collision-Free Execution of Learned Tasks",2018,ACM Transactions on Human-Robot Interaction,https://doi.org/10.1145/3209045,Addresses task and motion planning or a neighboring robotics mechanism.,"Prior work usually predicts, ranks, filters, or imitates observed behavior rather than preserving unrealized branches.",The observed outcome is enough to supervise the model.,"Contact mode support, embodiment limits, and deployment perturbations.","Branch collapse, hidden-mode shift, and tail-risk planning failures.",Generic world models and generic uncertainty are crowded.,Planner recoverability scores keeps action-critical alternatives explicit until a physical observation collapses them.
88,arxiv:2401.17214v1,Multi-FLEX: An Automatic Task Sequence Execution Framework to Enable Reactive Motion Planning for Multi-Robot Applications,2024,arXiv,http://arxiv.org/abs/2401.17214v1,Addresses task and motion planning or a neighboring robotics mechanism.,"Prior work usually predicts, ranks, filters, or imitates observed behavior rather than preserving unrealized branches.",The observed outcome is enough to supervise the model.,"Contact mode support, embodiment limits, and deployment perturbations.","Branch collapse, hidden-mode shift, and tail-risk planning failures.",Generic world models and generic uncertainty are crowded.,Planner recoverability scores keeps action-critical alternatives explicit until a physical observation collapses them.
89,arxiv:2210.06033v1,Local Planner Bench: Benchmarking for Local Motion Planning,2022,arXiv,http://arxiv.org/abs/2210.06033v1,Addresses task and motion planning or a neighboring robotics mechanism.,"Prior work usually predicts, ranks, filters, or imitates observed behavior rather than preserving unrealized branches.",The observed outcome is enough to supervise the model.,"Contact mode support, embodiment limits, and deployment perturbations.","Branch collapse, hidden-mode shift, and tail-risk planning failures.",Generic world models and generic uncertainty are crowded.,Planner recoverability scores keeps action-critical alternatives explicit until a physical observation collapses them.
90,doi:10.1109/tie.2019.2960754,Predefined-Time Convergent Neural Solution to Cyclical Motion Planning of Redundant Robots Under Physical Constraints,2019,IEEE Transactions on Industrial Electronics,https://doi.org/10.1109/tie.2019.2960754,Addresses task and motion planning or a neighboring robotics mechanism.,"Prior work usually predicts, ranks, filters, or imitates observed behavior rather than preserving unrealized branches.",The observed outcome is enough to supervise the model.,"Contact mode support, embodiment limits, and deployment perturbations.","Branch collapse, hidden-mode shift, and tail-risk planning failures.",Generic world models and generic uncertainty are crowded.,Planner recoverability scores keeps action-critical alternatives explicit until a physical observation collapses them.
91,doi:10.1145/3564696,Multiple Mobile Robot Task and Motion Planning: A Survey,2023,ACM Computing Surveys,https://doi.org/10.1145/3564696,Addresses task and motion planning or a neighboring robotics mechanism.,"Prior work usually predicts, ranks, filters, or imitates observed behavior rather than preserving unrealized branches.",The observed outcome is enough to supervise the model.,"Contact mode support, embodiment limits, and deployment perturbations.","Branch collapse, hidden-mode shift, and tail-risk planning failures.",Generic world models and generic uncertainty are crowded.,Planner recoverability scores keeps action-critical alternatives explicit until a physical observation collapses them.
92,arxiv:2210.04333v2,Hypergraph-based Multi-Robot Task and Motion Planning,2022,arXiv,http://arxiv.org/abs/2210.04333v2,Addresses task and motion planning or a neighboring robotics mechanism.,"Prior work usually predicts, ranks, filters, or imitates observed behavior rather than preserving unrealized branches.",The observed outcome is enough to supervise the model.,"Contact mode support, embodiment limits, and deployment perturbations.","Branch collapse, hidden-mode shift, and tail-risk planning failures.",Generic world models and generic uncertainty are crowded.,Planner recoverability scores keeps action-critical alternatives explicit until a physical observation collapses them.
93,arxiv:2209.11302v1,ProgPrompt: Generating Situated Robot Task Plans using Large Language Models,2022,arXiv,http://arxiv.org/abs/2209.11302v1,Addresses task and motion planning or a neighboring robotics mechanism.,"Prior work usually predicts, ranks, filters, or imitates observed behavior rather than preserving unrealized branches.",The observed outcome is enough to supervise the model.,"Contact mode support, embodiment limits, and deployment perturbations.","Branch collapse, hidden-mode shift, and tail-risk planning failures.",Generic world models and generic uncertainty are crowded.,Planner recoverability scores keeps action-critical alternatives explicit until a physical observation collapses them.
94,doi:10.1177/0278364908098447,Motion Planning for Legged Robots on Varied Terrain,2008,The International Journal of Robotics Research,https://doi.org/10.1177/0278364908098447,Addresses task and motion planning or a neighboring robotics mechanism.,"Prior work usually predicts, ranks, filters, or imitates observed behavior rather than preserving unrealized branches.",The observed outcome is enough to supervise the model.,"Contact mode support, embodiment limits, and deployment perturbations.","Branch collapse, hidden-mode shift, and tail-risk planning failures.",Generic world models and generic uncertainty are crowded.,Planner recoverability scores keeps action-critical alternatives explicit until a physical observation collapses them.
95,doi:10.1109/iros58592.2024.10801328,LLM 3 : Large Language Model-based Task and Motion Planning with Motion Failure Reasoning,2024,2024 IEEE/RSJ International Conference on Intelligent Robots and Systems (IROS),https://doi.org/10.1109/iros58592.2024.10801328,Addresses task and motion planning or a neighboring robotics mechanism.,"Prior work usually predicts, ranks, filters, or imitates observed behavior rather than preserving unrealized branches.",The observed outcome is enough to supervise the model.,"Contact mode support, embodiment limits, and deployment perturbations.","Branch collapse, hidden-mode shift, and tail-risk planning failures.",Generic world models and generic uncertainty are crowded.,Planner recoverability scores keeps action-critical alternatives explicit until a physical observation collapses them.
96,arxiv:2602.00992v2,Geometry-Aware Sampling-Based Motion Planning on Riemannian Manifolds,2026,arXiv,http://arxiv.org/abs/2602.00992v2,Addresses task and motion planning or a neighboring robotics mechanism.,"Prior work usually predicts, ranks, filters, or imitates observed behavior rather than preserving unrealized branches.",The observed outcome is enough to supervise the model.,"Contact mode support, embodiment limits, and deployment perturbations.","Branch collapse, hidden-mode shift, and tail-risk planning failures.",Generic world models and generic uncertainty are crowded.,Planner recoverability scores keeps action-critical alternatives explicit until a physical observation collapses them.
97,doi:10.3390/jmse11040708,Ocean Wave Active Compensation Analysis for Redundant Hybrid Boarding System: A Multi-Task Motion Planning Method,2023,Journal of Marine Science and Engineering,https://doi.org/10.3390/jmse11040708,Addresses task and motion planning or a neighboring robotics mechanism.,"Prior work usually predicts, ranks, filters, or imitates observed behavior rather than preserving unrealized branches.",The observed outcome is enough to supervise the model.,"Contact mode support, embodiment limits, and deployment perturbations.","Branch collapse, hidden-mode shift, and tail-risk planning failures.",Generic world models and generic uncertainty are crowded.,Planner recoverability scores keeps action-critical alternatives explicit until a physical observation collapses them.
98,doi:10.1109/tmech.2024.3452509,A Survey of Optimization-Based Task and Motion Planning: From Classical to Learning Approaches,2025,IEEE/ASME Transactions on Mechatronics,https://doi.org/10.1109/tmech.2024.3452509,Addresses task and motion planning or a neighboring robotics mechanism.,"Prior work usually predicts, ranks, filters, or imitates observed behavior rather than preserving unrealized branches.",The observed outcome is enough to supervise the model.,"Contact mode support, embodiment limits, and deployment perturbations.","Branch collapse, hidden-mode shift, and tail-risk planning failures.",Generic world models and generic uncertainty are crowded.,Planner recoverability scores keeps action-critical alternatives explicit until a physical observation collapses them.
99,doi:10.1109/5326.669552,AND/OR net representation for robotic task sequence planning,1998,IEEE Transactions on Systems Man and Cybernetics Part C (Applications and Reviews),https://doi.org/10.1109/5326.669552,Addresses task and motion planning or a neighboring robotics mechanism.,"Prior work usually predicts, ranks, filters, or imitates observed behavior rather than preserving unrealized branches.",The observed outcome is enough to supervise the model.,"Contact mode support, embodiment limits, and deployment perturbations.","Branch collapse, hidden-mode shift, and tail-risk planning failures.",Generic world models and generic uncertainty are crowded.,Planner recoverability scores keeps action-critical alternatives explicit until a physical observation collapses them.
100,doi:10.65109/dgvn8750,Multi-Robot Motion and Task Planning in Automotive Production Using Controller-based Safe Reinforcement Learning,2024,International Joint Conference on Autonomous Agents and Multiagent Systems Proceedings of the Third International Joint Conference on Autonomous Agents and Multiagent Systems - Volume 1,https://doi.org/10.65109/dgvn8750,Addresses task and motion planning or a neighboring robotics mechanism.,"Prior work usually predicts, ranks, filters, or imitates observed behavior rather than preserving unrealized branches.",The observed outcome is enough to supervise the model.,"Contact mode support, embodiment limits, and deployment perturbations.","Branch collapse, hidden-mode shift, and tail-risk planning failures.",Generic world models and generic uncertainty are crowded.,Planner recoverability scores keeps action-critical alternatives explicit until a physical observation collapses them.
